{"feature_names": ["SPX_ret", "VIX_ret", "SPY_ret", "TNX_ret", "DXY_ret", "SPY_Vol", "SPX_vol_21", "SPX_vol_63", "SPX_SMA_10", "SPX_SMA_50", "SPX_mom_10", "SPX_RSI_14"], "mean_": [0.00023570619050343778, -6.024488860456443e-05, 0.00030565750436557316, -6.282767644411902e-05, -9.056390542429472e-06, 105894138.87079261, 0.010298404557694723, 0.010654139611941633, 2258.824380641326, 2242.289433214304, 0.0028814509212365556, 54.79606612023626], "scale_": [0.01220183787334401, 0.07173448583883481, 0.012185552131124901, 0.024079836074198446, 0.004882814246890399, 89719672.07689518, 0.006702719888187436, 0.006079704472309152, 1431.7481395909556, 1408.9064767686948, 0.03315649592646828, 15.930640233776357]}